1,7C3P-7908-CA,AS
2,M4A-170-G,BK
2,7C3P-7915-AA,MP
3,7C3P-7915-AA-001,MP
4,C5AP-7915-E003M,RM
2,3C3P-7N803-BA,CS
3,3C3P-7K809-BA,AS
4,D7DP-7911-AA,MP
5,E0AP-7911-LEAD,MP
6,E0AP-7911-AA002M,PM
4,F4SP-7912-AA,MP
5,CND7DP-7912-AA001M,PM
4,3C3P-7914-BA,MP
5,3C3P-7925-LEAD,MP
6,CN3C3P-7925-AA001M,RM
,,
1,7L3P-7908-AA,AS
2,M4A-170-G,BK
2,7C3P-7915-AA,MP
3,7C3P-7915-AA-001,MP
4,C5AP-7915-E003M,RM
2,3L3P-7N803-AA,CS
3,3L3P-7K809-AA-001,AS
4,3L3P-7K809-AA,AS
5,E0AP-7911-AA,MP
6,E0AP-7911-LEAD,MP
7,E0AP-7911-AA002M,PM
5,E0AP-7912-AA,MP
6,F7TP-7912-CRPT,MP
7,CNE0AP-7912-AA001M,PM
5,3L3P-7914-AA,MP
6,3C3P-7925-LEAD,MP
7,CN3C3P-7925-AA001M,RM
,,
1,7C3P-7934-BA,MP
2,BSE0AP-7934-AA,PP
,,
1,F2TZ-7950-CRM-001,AS
2,F7TP-7950-BA,AS
3,E9TP-7953-BA,PP
3,F6AP-7964-AA,PP
,,
1,F7TZ-7950-AAMR-001,AS
2,F7TP-7950-AC,AS
3,F7TP-7953-AB,MP
4,BSF7TP-7953-AB,PP
3,F6AP-7964-AA,PP
,,
1,3C3P-7950-AA,AS
2,3C3P-7953-AA-001,MP
3,BS3C3P-7953-AA,PP
2,F6AP-7964-AA,PP
,,
1,7C3P-7950-BC,AS
2,7C3P-7953-BA-001,MP
3,7C3P-7953-BA,PP
2,F6AP-7964-AA,PP
2,7C3P-7N830-AB,PP
1,7C3P-7N830-AB,PP
,,
1,7C3P-7930-EA,AS
2,C8AP-7190-B,PP
2,7C3P-7932-BA,AS
3,M4A-170-R,BK
3,7C3P-7934-BA,MP
4,BSE0AP-7934-AA,PP
3,PMB-7935-A,MP
4,PMB-7935-A1001M,RM
3,D3AP-7936-AA,MP
4,D3AP-7936-A001M,RM
2,7C3P-7937-EA,PP
2,8C3P-7937-AA,PP
2,1P-7945-A,PP
2,7C3P-7945-AA,PP
2,F5TP-7946-AA,MP
3,F5TP-7946-AA-002,MP
4,F5TP-7946-HTTRD,CS
5,F5TP-7946-NONHTTRD,MP
6,F5TP-7946-AA-001,MP
7,BSF5TP-7946-AA,PP
2,7C3P-7947-BA,MP
3,7C3P-7947-BA-002,MP
4,7C3P-7947-BA-001,MP
5,BSF5TP-7947-AA,PP
2,F5TP-7A814-AA,PP
,,
1,9C2P-7902-AE-001,AS
2,M4A-170-G,BK
2,7C3P-7908-CA257,AS
3,7C3P-7908-CA,AS
4,M4A-170-G,BK
4,7C3P-7915-AA,MP
5,7C3P-7915-AA-001,MP
6,C5AP-7915-E003M,RM
4,3C3P-7N803-BA,CS
5,3C3P-7K809-BA,AS
6,D7DP-7911-AA,MP
7,E0AP-7911-LEAD,MP
8,E0AP-7911-AA002M,PM
6,F4SP-7912-AA,MP
7,CND7DP-7912-AA001M,PM
6,3C3P-7914-BA,MP
7,3C3P-7925-LEAD,MP
8,CN3C3P-7925-AA001M,RM
2,9C2P-7920-BA,AS
3,9C2P-7926-AA,PP
3,XW4P-7927-AB,MP
4,XW4P-7927-AA001M,RM
3,F2VP-7H018-AB,PP
3,PM7L3P-7M091-AB,CS
4,7L3P-7M091-AB,AS
5,3L3P-7923-AB,MP
6,3L3P-7923-ABLEAD,MP
7,3L3P-7923-ABCRPT,MP
8,3L3P-7923-AB001M,RM
5,7L3P-7924-AA,MP
6,CNE0AP-7924-AA001M,PM
5,3L3P-7925-AA,MP
6,3C3P-7925-LEAD,MP
7,CN3C3P-7925-AA001M,RM
2,7C3P-7930-EA,AS
3,C8AP-7190-B,PP
3,C8AP-7190-B,PP
3,7C3P-7932-BA,AS
4,M4A-170-R,BK
4,7C3P-7934-BA,MP
5,BSE0AP-7934-AA,PP
4,PMB-7935-A,MP
5,PMB-7935-A1001M,RM
4,D3AP-7936-AA,MP
5,D3AP-7936-A001M,RM
3,7C3P-7937-EA,PP
3,8C3P-7937-AA,PP
3,1P-7945-A,PP
3,7C3P-7945-AA,PP
3,F5TP-7946-AA,MP
4,F5TP-7946-AA-002,MP
5,F5TP-7946-HTTRD,CS
6,F5TP-7946-NONHTTRD,MP
7,F5TP-7946-AA-001,MP
8,BSF5TP-7946-AA,PP
3,7C3P-7947-BA,MP
4,7C3P-7947-BA-002,MP
5,7C3P-7947-BA-001,MP
6,BSF5TP-7947-AA,PP
3,F5TP-7A814-AA,PP
2,3L3P-7950-AA,AS
3,F2VP-7953-AA-001,MP
4,F2VP-7953-AA,PP
3,F6AP-7964-AA,PP
3,3L3P-7A863-AA,PP
2,C9AP-7955-A,MP
3,C9AP-7955-AA001M,RM
2,56ZA-8126-,PP
2,7C3P-7A812-BA,PP
2,7C3P-7A891-AA,PP
2,3L3P-7G172-AC,PP
2,3L3P-7K813-AA,PP
2,WSS-M2C938-A2,BK
,,
1,9C2P-7902-BE-001,AS
2,M4A-170-G,BK
2,7L3P-7908-AA,AS
3,M4A-170-G,BK
3,7C3P-7915-AA,MP
4,7C3P-7915-AA-001,MP
5,C5AP-7915-E003M,RM
3,3L3P-7N803-AA,CS
4,3L3P-7K809-AA-001,AS
5,3L3P-7K809-AA,AS
6,E0AP-7911-AA,MP
7,E0AP-7911-LEAD,MP
8,E0AP-7911-AA002M,PM
6,E0AP-7912-AA,MP
7,F7TP-7912-CRPT,MP
8,CNE0AP-7912-AA001M,PM
6,3L3P-7914-AA,MP
7,3C3P-7925-LEAD,MP
8,CN3C3P-7925-AA001M,RM
2,9C2P-7920-BA,AS
3,9C2P-7926-AA,PP
3,XW4P-7927-AB,MP
4,XW4P-7927-AA001M,RM
3,F2VP-7H018-AB,PP
3,PM7L3P-7M091-AB,CS
4,7L3P-7M091-AB,AS
5,3L3P-7923-AB,MP
6,3L3P-7923-ABLEAD,MP
7,3L3P-7923-ABCRPT,MP
8,3L3P-7923-AB001M,RM
5,7L3P-7924-AA,MP
6,CNE0AP-7924-AA001M,PM
5,3L3P-7925-AA,MP
6,3C3P-7925-LEAD,MP
7,CN3C3P-7925-AA001M,RM
2,7C3P-7930-EA,AS
3,C8AP-7190-B,PP
3,7C3P-7932-BA,AS
4,M4A-170-R,BK
4,7C3P-7934-BA,MP
5,BSE0AP-7934-AA,PP
4,PMB-7935-A,MP
5,PMB-7935-A1001M,RM
4,D3AP-7936-AA,MP
5,D3AP-7936-A001M,RM
3,7C3P-7937-EA,PP
3,8C3P-7937-AA,PP
3,1P-7945-A,PP
3,7C3P-7945-AA,PP
3,F5TP-7946-AA,MP
4,F5TP-7946-AA-002,MP
5,F5TP-7946-HTTRD,CS
6,F5TP-7946-NONHTTRD,MP
7,F5TP-7946-AA-001,MP
8,BSF5TP-7946-AA,PP
3,7C3P-7947-BA,MP
4,7C3P-7947-BA-002,MP
5,7C3P-7947-BA-001,MP
6,BSF5TP-7947-AA,PP
3,F5TP-7A814-AA,PP
2,3L3P-7950-BB,AS
3,F2VP-7953-AA-001,MP
4,F2VP-7953-AA,PP
3,F6AP-7964-AA,PP
3,3L3P-7A863-BA,PP
2,C9AP-7955-A,MP
3,C9AP-7955-AA001M,RM
2,56ZA-8126-,PP
2,7C3P-7A812-BA,PP
2,7C3P-7A891-AA,PP
2,3L3P-7G172-BB,PP
2,3L3P-7K813-AA,PP
2,WSS-M2C938-A2,BK
1,XS4P-7A348-AC,MP
2,XS4P-7A348-AC-001,MP
3,BSXS4P-7A348-AC,PP
1,5S4P-7H339-AA,PP
1,XS4P-7H355-AC,PP
1,9S4P-7F342-AA-001,MP
2,BS9S4P-7F342-AA,PP
1,5S4P-7F465-CB-001,AS
2,XS4P-3A390-AB,PP
2,5S4P-3C226-AA,PP
2,5S4P-7F343-CB,MP
3,BS5S4P-7F343-CB,PP
1,9S4P-7H348-CA-001,MP
2,9S4P-7H346-STPGRIND,MP
3,BS9S4P-7H346-CAPEEN,CS
4,BS9S4P-7H346-CA,PP
2,XS4P-7H349-AE,MP
3,XS4P-7H349-AG-001,MP
4,BS2S4P-7H349-AA,PP
2,7S4P-7M092-AA,PP
1,BT1P-7F465-DA-001,AS
2,XS4P-3A390-AB,PP
2,5S4P-3C226-AA,PP
2,BT1P-7F343-DA,MP
3,BSBT1P-7F343-DA,PP
1,BT1P-7H348-DA-001,AS
2,BT1P-7H346-STPGRIND,MP
3,BSBT1P-7H346-DAPEEN,CS
4,BSBT1P-7H346-DA,PP
2,XS4P-7H349-AE,MP
3,XS4P-7H349-AG-001,MP
4,BS2S4P-7H349-AA,PP
2,7S4P-7M092-AA,PP
1,XS4P-7A348-AC,MP
2,XS4P-7A348-AC-001,MP
3,BSXS4P-7A348-AC,PP
